Cluster,0,1
0,0.2230769230769231,0.7769230769230769
1,0.28218048557031605,0.717819514429684
2,0.056074766355140186,0.9439252336448598
