Cluster,age,gender,smoking,alcohol,air_pollution,occupational_hazards,genetic_risk,chest_pain,cough,shortness_of_breath,fatigue,wheezing,swallowing_difficulty,lung_cancer
0,61.03846153846154,0.4461538461538462,1.6384615384615384,1.4384615384615385,3.8400000000000003,4.84,4.58,1.5076923076923077,1.0,1.4846153846153847,3.856,1.3384615384615384,3.746,0.7769230769230769
1,51.78240952817224,0.9766376546037563,1.9477782867613376,1.8680714612918004,3.1862207970682546,4.001154374713697,3.676014658726523,1.962895098488319,1.8207686047080485,2.294090700870362,3.4647585890975723,2.5501603298213467,3.8422986715529084,0.717819514429684
2,38.62056074766355,1.308411214953271,5.17196261682243,6.641121495327103,5.173831775700934,6.5514018691588785,6.424299065420561,6.1551401869158875,1.5792880258899675,5.299065420560748,4.654205607476635,3.8654205607476637,3.5495327102803738,0.9439252336448598
