Feature,Importance
age,0.18134060508710756
occupational_hazards,0.10808837593796009
genetic_risk,0.1026864823792618
fatigue,0.10016842841434383
wheezing,0.099803171816455
swallowing_difficulty,0.09084767301374573
alcohol,0.07190420321792368
shortness_of_breath,0.06927112980392632
air_pollution,0.04558169848002275
chest_pain,0.04218836388914222
smoking,0.03977129788287152
cough,0.029377701980019395
gender,0.018970868097220216
